Gene,Sample1,Sample2,Sample3,Sample4,Sample5
GeneA,90.41006120897596,88.75389111109138,42.702530934464164,53.49241744036332,16.661243615435982
GeneB,98.38449119877252,68.68483271659302,1.857266455349993,22.46474406603689,79.6427191167905
GeneC,40.02482221340659,63.8185333035465,85.32452073187363,54.51733235882771,68.09471492575663
GeneD,65.79615903485505,90.87817980467669,40.65160605781737,50.81719128325434,90.43837971294901
GeneE,76.06737712790004,52.13007770976521,97.13326004905495,58.59049815580513,68.02926745213921
