Gene,Log2FC,P-Value,Regulation
Gene1,-1.490325626583081,8.008557266657009e-07,Downregulated
Gene2,1.0,0.0033103665392070045,Upregulated
Gene3,-3.364572432295856,2.7291768658470116e-05,Downregulated
Gene4,-0.488499661219865,2.8043718345317024e-06,Not Significant
Gene5,1.3590810933048283,1.1202505122906288e-05,Upregulated
Gene6,2.0647702553902376,1.752868984619208e-08,Upregulated
Gene7,-4.608809242675524,2.5822228895785023e-06,Downregulated
