Gene,Sample1,Sample2,Sample3,Sample4,Sample5,Sample6,Sample7,Sample8
Gene1,-0.4754114019802465,-0.4269988221431858,-0.513299264893571,-0.4493353082674435,0.15915525902643277,0.07130498620401948,0.18880170893291676,0.0623618118953355
Gene2,-0.622662721177668,-0.6028218665550859,-0.6536545326379068,-0.620899698696831,-1.1971243396336035,-1.2264457627091365,-1.1328102535975004,-1.1987326064325612
Gene3,-0.7110135126961209,-0.6907333887610358,-0.681725586186774,-0.7066818939115248,-0.08303752644857369,0.02139149586120579,-0.14160128169968755,-0.034645451052964245
Gene4,0.7025991515991253,0.6279394443282144,0.6937560377077172,0.6944272945951399,2.0966975428264845,2.067844599916567,2.1240192254953136,2.14801796528378
Gene5,-0.328160082782825,-0.36839114067255246,-0.3168018900515009,-0.36355311305274973,-1.0518086683485997,-1.0767052916806954,-1.0384093991310421,-0.9562144490618119
Gene6,2.1751123435733404,2.2103468440353145,2.1815218757976775,2.181318678316498,-0.08303752644857369,-0.07843548482442159,-0.18880170893291676,-0.131652714001264
Gene7,-0.7404637765356051,-0.7493410702316692,-0.7097966397356412,-0.7352759589830894,0.15915525902643277,0.22104545723246055,0.18880170893291676,0.11086544336948538
